person_uuid,person_name
3400dde1-621c-4ff1-b7e6-da9f1a6980e5,J. Podany
001b46e8-2079-4835-a050-87430127bf5b,E. Hansen
7ef775f2-c5b5-4419-ab5a-ee2fe860d67a,C. Chippindale
ec3ffadd-c326-4037-83c7-9bc258997ba2,M. Bolton
878cfffc-e1f1-4019-915b-23ad5886154b,A. Parker
18ec4fad-c58f-4572-ab02-e35051df0b65,G. Chaloupka
6c89e09b-d453-4fc9-ab07-bbcd8e0ab6d1,Art Kaplan
b9dc9f67-5fc7-4537-92e1-70b86b5f25ec,H. Khanjian
cae99d6d-b5f2-49ea-894a-685898af4fe7,E. Stacy
10020428-68fe-4317-b6f9-293897bb4844,M. Derrick
ed90d915-5ca2-4e4d-a333-183f34cb8be4,Carrie Brindle
41958f4e-9374-430a-abc3-82e7cf5fab71,Casey Greet
2696601e-b578-4733-b487-b7256a733748,B. Hayden
fb4021e3-3f7b-4bd3-8ee1-b3ec44449d4d,Catherine Patterson
e009f23b-20a5-4af6-9af5-079b9d9ae5a7,Mike Schilling
e062ade1-5a99-4533-b5dc-d616ec380ea7,M. Bishop
9ec72101-2e4a-4fed-9780-8988cdb7c7a1,Giacomo Chiari
b023bc88-6244-4aea-a721-5ecabe5f92eb,Sue Gatenby
be828852-1a7c-41bb-b8d3-4ab1028ccc11,Tom Learner
7ed6b347-4040-4185-a80e-7da8b1611dc8,Dusan Stulik
d86d62ca-65a0-4ff9-9421-8b5be00b55fb,C. Kreul
566efb28-7e44-4f6c-83fa-b8ca6db3366d,N. Barrio
f7620677-1d0e-4558-ae1e-790012525971,Bill Ginell
f8df6aa1-7f8f-4552-af9a-6e069c8997e9,H. Florsheim
6f2b58ac-3b7c-4159-aa54-60a5d015d57c,W.E. Roth
c1da414b-3a08-4915-893e-81e9e495844d,M. Striegel
7f59d2a1-08c2-4489-ac96-93d84194a277,M. Corzo
973786e7-0420-49c1-8d70-9d03550399f6,M. Gergen
c6085eaf-ea80-4c3e-8ab2-292e07d2b093,R. Navarro
3bba6349-c945-4dbb-a3c3-129dcae30f8a,M. Saltzman
93ac1f93-b1db-4b9a-af73-a964a0e97977,Cecily Grzywacz
9d95a87a-3892-4f3b-8870-ba762641d45c,J. Keeney
071fe7c7-535f-4964-a230-c1fc1463f588,S. Maekawa
1a801942-cb23-4bfc-b802-82e996b438f7,M. Komsky
8e581519-3cde-4d54-bb4b-09d76a6aa8c7,Bettina Leopoldo
c9726863-0112-4770-aeac-c741cc4a9c0e,Z. Pinney
1b400ae0-8076-4b3c-b6b9-c6732e93d98c,A. Wallert
0db8a4af-7ae2-4e57-b404-db0f1471576b,Jesus Jimenez
2dfdec6a-06f8-4b4d-8fd0-67ebd5c92c48,Roberta Renz
78681788-2c10-4c99-a8f9-a6cceec26fdb,F. Lambert
97ffe00b-f818-47f9-bd67-0554d24e34b2,Dr. Alfred Janata
9d10f7ee-eaca-4385-882b-a8b45f411d52,T. Kieslich
3bead1a3-c07e-41a6-a359-0a1038dec4b5,A. Rothe
adc545a8-f16e-4fbd-adb7-00caeeb37eee,N. Agnew
