resourceinstanceid,graphid,graphpublicationid,principaluser_id,person_name_tileid,person_name_name_content,person_name_name_type,person_name_name_language,person_name_nodegroupid,person_name_tile_data
3400dde1-621c-4ff1-b7e6-da9f1a6980e5,e1d0ea1a-d770-11ef-8c40-0275dc2ded29,3fd6e10e-d8c6-11ef-9ef7-0275dc2ded29,1,8523dabe-29ac-4493-a051-5137cb647bbd,"{""en"": {""value"": ""J. Podany"", ""direction"": ""ltr""}}","[""828a2e14-8976-4d99-96d0-aeb1bd4223cc""]","[""bc35776b-996f-4fc1-bd25-9f6432c1f349""]",e1d0f244-d770-11ef-8c40-0275dc2ded29,"{""e1d1d63c-d770-11ef-8c40-0275dc2ded29"": [""828a2e14-8976-4d99-96d0-aeb1bd4223cc""], ""e1d1d7ea-d770-11ef-8c40-0275dc2ded29"": null, ""e1d1cc64-d770-11ef-8c40-0275dc2ded29"": null, ""e1d1a70c-d770-11ef-8c40-0275dc2ded29"": null, ""e1d1cb88-d770-11ef-8c40-0275dc2ded29"": [""bc35776b-996f-4fc1-bd25-9f6432c1f349""], ""e1d1ddda-d770-11ef-8c40-0275dc2ded29"": {""en"": {""value"": ""J. Podany"", ""direction"": ""ltr""}}}"
001b46e8-2079-4835-a050-87430127bf5b,e1d0ea1a-d770-11ef-8c40-0275dc2ded29,3fd6e10e-d8c6-11ef-9ef7-0275dc2ded29,1,b4d13c0a-69f1-4e87-baf5-5e9d6ae9421f,"{""en"": {""value"": ""E. Hansen"", ""direction"": ""ltr""}}","[""828a2e14-8976-4d99-96d0-aeb1bd4223cc""]","[""bc35776b-996f-4fc1-bd25-9f6432c1f349""]",e1d0f244-d770-11ef-8c40-0275dc2ded29,"{""e1d1d63c-d770-11ef-8c40-0275dc2ded29"": [""828a2e14-8976-4d99-96d0-aeb1bd4223cc""], ""e1d1d7ea-d770-11ef-8c40-0275dc2ded29"": null, ""e1d1cc64-d770-11ef-8c40-0275dc2ded29"": null, ""e1d1a70c-d770-11ef-8c40-0275dc2ded29"": null, ""e1d1cb88-d770-11ef-8c40-0275dc2ded29"": [""bc35776b-996f-4fc1-bd25-9f6432c1f349""], ""e1d1ddda-d770-11ef-8c40-0275dc2ded29"": {""en"": {""value"": ""E. Hansen"", ""direction"": ""ltr""}}}"
7ef775f2-c5b5-4419-ab5a-ee2fe860d67a,e1d0ea1a-d770-11ef-8c40-0275dc2ded29,3fd6e10e-d8c6-11ef-9ef7-0275dc2ded29,1,9791832d-25e6-40df-977b-1a4c26b76407,"{""en"": {""value"": ""C. Chippindale"", ""direction"": ""ltr""}}","[""828a2e14-8976-4d99-96d0-aeb1bd4223cc""]","[""bc35776b-996f-4fc1-bd25-9f6432c1f349""]",e1d0f244-d770-11ef-8c40-0275dc2ded29,"{""e1d1d63c-d770-11ef-8c40-0275dc2ded29"": [""828a2e14-8976-4d99-96d0-aeb1bd4223cc""], ""e1d1d7ea-d770-11ef-8c40-0275dc2ded29"": null, ""e1d1cc64-d770-11ef-8c40-0275dc2ded29"": null, ""e1d1a70c-d770-11ef-8c40-0275dc2ded29"": null, ""e1d1cb88-d770-11ef-8c40-0275dc2ded29"": [""bc35776b-996f-4fc1-bd25-9f6432c1f349""], ""e1d1ddda-d770-11ef-8c40-0275dc2ded29"": {""en"": {""value"": ""C. Chippindale"", ""direction"": ""ltr""}}}"
ec3ffadd-c326-4037-83c7-9bc258997ba2,e1d0ea1a-d770-11ef-8c40-0275dc2ded29,3fd6e10e-d8c6-11ef-9ef7-0275dc2ded29,1,b0c8574d-cc7e-4941-abf6-859ecd14f330,"{""en"": {""value"": ""M. Bolton"", ""direction"": ""ltr""}}","[""828a2e14-8976-4d99-96d0-aeb1bd4223cc""]","[""bc35776b-996f-4fc1-bd25-9f6432c1f349""]",e1d0f244-d770-11ef-8c40-0275dc2ded29,"{""e1d1d63c-d770-11ef-8c40-0275dc2ded29"": [""828a2e14-8976-4d99-96d0-aeb1bd4223cc""], ""e1d1d7ea-d770-11ef-8c40-0275dc2ded29"": null, ""e1d1cc64-d770-11ef-8c40-0275dc2ded29"": null, ""e1d1a70c-d770-11ef-8c40-0275dc2ded29"": null, ""e1d1cb88-d770-11ef-8c40-0275dc2ded29"": [""bc35776b-996f-4fc1-bd25-9f6432c1f349""], ""e1d1ddda-d770-11ef-8c40-0275dc2ded29"": {""en"": {""value"": ""M. Bolton"", ""direction"": ""ltr""}}}"
878cfffc-e1f1-4019-915b-23ad5886154b,e1d0ea1a-d770-11ef-8c40-0275dc2ded29,3fd6e10e-d8c6-11ef-9ef7-0275dc2ded29,1,0c133270-0cff-4304-82a3-a2d1c296671a,"{""en"": {""value"": ""A. Parker"", ""direction"": ""ltr""}}","[""828a2e14-8976-4d99-96d0-aeb1bd4223cc""]","[""bc35776b-996f-4fc1-bd25-9f6432c1f349""]",e1d0f244-d770-11ef-8c40-0275dc2ded29,"{""e1d1d63c-d770-11ef-8c40-0275dc2ded29"": [""828a2e14-8976-4d99-96d0-aeb1bd4223cc""], ""e1d1d7ea-d770-11ef-8c40-0275dc2ded29"": null, ""e1d1cc64-d770-11ef-8c40-0275dc2ded29"": null, ""e1d1a70c-d770-11ef-8c40-0275dc2ded29"": null, ""e1d1cb88-d770-11ef-8c40-0275dc2ded29"": [""bc35776b-996f-4fc1-bd25-9f6432c1f349""], ""e1d1ddda-d770-11ef-8c40-0275dc2ded29"": {""en"": {""value"": ""A. Parker"", ""direction"": ""ltr""}}}"
18ec4fad-c58f-4572-ab02-e35051df0b65,e1d0ea1a-d770-11ef-8c40-0275dc2ded29,3fd6e10e-d8c6-11ef-9ef7-0275dc2ded29,1,146be9d3-cdfa-4941-8906-921ea947dfec,"{""en"": {""value"": ""G. Chaloupka"", ""direction"": ""ltr""}}","[""828a2e14-8976-4d99-96d0-aeb1bd4223cc""]","[""bc35776b-996f-4fc1-bd25-9f6432c1f349""]",e1d0f244-d770-11ef-8c40-0275dc2ded29,"{""e1d1d63c-d770-11ef-8c40-0275dc2ded29"": [""828a2e14-8976-4d99-96d0-aeb1bd4223cc""], ""e1d1d7ea-d770-11ef-8c40-0275dc2ded29"": null, ""e1d1cc64-d770-11ef-8c40-0275dc2ded29"": null, ""e1d1a70c-d770-11ef-8c40-0275dc2ded29"": null, ""e1d1cb88-d770-11ef-8c40-0275dc2ded29"": [""bc35776b-996f-4fc1-bd25-9f6432c1f349""], ""e1d1ddda-d770-11ef-8c40-0275dc2ded29"": {""en"": {""value"": ""G. Chaloupka"", ""direction"": ""ltr""}}}"
6c89e09b-d453-4fc9-ab07-bbcd8e0ab6d1,e1d0ea1a-d770-11ef-8c40-0275dc2ded29,3fd6e10e-d8c6-11ef-9ef7-0275dc2ded29,1,7f39ad68-5c25-455d-af9e-10f9e25b3c83,"{""en"": {""value"": ""Art Kaplan"", ""direction"": ""ltr""}}","[""828a2e14-8976-4d99-96d0-aeb1bd4223cc""]","[""bc35776b-996f-4fc1-bd25-9f6432c1f349""]",e1d0f244-d770-11ef-8c40-0275dc2ded29,"{""e1d1d63c-d770-11ef-8c40-0275dc2ded29"": [""828a2e14-8976-4d99-96d0-aeb1bd4223cc""], ""e1d1d7ea-d770-11ef-8c40-0275dc2ded29"": null, ""e1d1cc64-d770-11ef-8c40-0275dc2ded29"": null, ""e1d1a70c-d770-11ef-8c40-0275dc2ded29"": null, ""e1d1cb88-d770-11ef-8c40-0275dc2ded29"": [""bc35776b-996f-4fc1-bd25-9f6432c1f349""], ""e1d1ddda-d770-11ef-8c40-0275dc2ded29"": {""en"": {""value"": ""Art Kaplan"", ""direction"": ""ltr""}}}"
b9dc9f67-5fc7-4537-92e1-70b86b5f25ec,e1d0ea1a-d770-11ef-8c40-0275dc2ded29,3fd6e10e-d8c6-11ef-9ef7-0275dc2ded29,1,c914414d-b6d0-4c46-af14-457c49d2b0e6,"{""en"": {""value"": ""H. Khanjian"", ""direction"": ""ltr""}}","[""828a2e14-8976-4d99-96d0-aeb1bd4223cc""]","[""bc35776b-996f-4fc1-bd25-9f6432c1f349""]",e1d0f244-d770-11ef-8c40-0275dc2ded29,"{""e1d1d63c-d770-11ef-8c40-0275dc2ded29"": [""828a2e14-8976-4d99-96d0-aeb1bd4223cc""], ""e1d1d7ea-d770-11ef-8c40-0275dc2ded29"": null, ""e1d1cc64-d770-11ef-8c40-0275dc2ded29"": null, ""e1d1a70c-d770-11ef-8c40-0275dc2ded29"": null, ""e1d1cb88-d770-11ef-8c40-0275dc2ded29"": [""bc35776b-996f-4fc1-bd25-9f6432c1f349""], ""e1d1ddda-d770-11ef-8c40-0275dc2ded29"": {""en"": {""value"": ""H. Khanjian"", ""direction"": ""ltr""}}}"
cae99d6d-b5f2-49ea-894a-685898af4fe7,e1d0ea1a-d770-11ef-8c40-0275dc2ded29,3fd6e10e-d8c6-11ef-9ef7-0275dc2ded29,1,1c9dc6f4-9040-4fb9-9593-3d755b4b5e78,"{""en"": {""value"": ""E. Stacy"", ""direction"": ""ltr""}}","[""828a2e14-8976-4d99-96d0-aeb1bd4223cc""]","[""bc35776b-996f-4fc1-bd25-9f6432c1f349""]",e1d0f244-d770-11ef-8c40-0275dc2ded29,"{""e1d1d63c-d770-11ef-8c40-0275dc2ded29"": [""828a2e14-8976-4d99-96d0-aeb1bd4223cc""], ""e1d1d7ea-d770-11ef-8c40-0275dc2ded29"": null, ""e1d1cc64-d770-11ef-8c40-0275dc2ded29"": null, ""e1d1a70c-d770-11ef-8c40-0275dc2ded29"": null, ""e1d1cb88-d770-11ef-8c40-0275dc2ded29"": [""bc35776b-996f-4fc1-bd25-9f6432c1f349""], ""e1d1ddda-d770-11ef-8c40-0275dc2ded29"": {""en"": {""value"": ""E. Stacy"", ""direction"": ""ltr""}}}"
10020428-68fe-4317-b6f9-293897bb4844,e1d0ea1a-d770-11ef-8c40-0275dc2ded29,3fd6e10e-d8c6-11ef-9ef7-0275dc2ded29,1,d9912875-4649-410c-99b2-f7972c5d8735,"{""en"": {""value"": ""M. Derrick"", ""direction"": ""ltr""}}","[""828a2e14-8976-4d99-96d0-aeb1bd4223cc""]","[""bc35776b-996f-4fc1-bd25-9f6432c1f349""]",e1d0f244-d770-11ef-8c40-0275dc2ded29,"{""e1d1d63c-d770-11ef-8c40-0275dc2ded29"": [""828a2e14-8976-4d99-96d0-aeb1bd4223cc""], ""e1d1d7ea-d770-11ef-8c40-0275dc2ded29"": null, ""e1d1cc64-d770-11ef-8c40-0275dc2ded29"": null, ""e1d1a70c-d770-11ef-8c40-0275dc2ded29"": null, ""e1d1cb88-d770-11ef-8c40-0275dc2ded29"": [""bc35776b-996f-4fc1-bd25-9f6432c1f349""], ""e1d1ddda-d770-11ef-8c40-0275dc2ded29"": {""en"": {""value"": ""M. Derrick"", ""direction"": ""ltr""}}}"
ed90d915-5ca2-4e4d-a333-183f34cb8be4,e1d0ea1a-d770-11ef-8c40-0275dc2ded29,3fd6e10e-d8c6-11ef-9ef7-0275dc2ded29,1,0b1e47da-8643-4212-9f72-297276a0a32d,"{""en"": {""value"": ""Carrie Brindle"", ""direction"": ""ltr""}}","[""828a2e14-8976-4d99-96d0-aeb1bd4223cc""]","[""bc35776b-996f-4fc1-bd25-9f6432c1f349""]",e1d0f244-d770-11ef-8c40-0275dc2ded29,"{""e1d1d63c-d770-11ef-8c40-0275dc2ded29"": [""828a2e14-8976-4d99-96d0-aeb1bd4223cc""], ""e1d1d7ea-d770-11ef-8c40-0275dc2ded29"": null, ""e1d1cc64-d770-11ef-8c40-0275dc2ded29"": null, ""e1d1a70c-d770-11ef-8c40-0275dc2ded29"": null, ""e1d1cb88-d770-11ef-8c40-0275dc2ded29"": [""bc35776b-996f-4fc1-bd25-9f6432c1f349""], ""e1d1ddda-d770-11ef-8c40-0275dc2ded29"": {""en"": {""value"": ""Carrie Brindle"", ""direction"": ""ltr""}}}"
41958f4e-9374-430a-abc3-82e7cf5fab71,e1d0ea1a-d770-11ef-8c40-0275dc2ded29,3fd6e10e-d8c6-11ef-9ef7-0275dc2ded29,1,0d419b5f-fb85-4db8-81e3-c62f6c206229,"{""en"": {""value"": ""Casey Greet"", ""direction"": ""ltr""}}","[""828a2e14-8976-4d99-96d0-aeb1bd4223cc""]","[""bc35776b-996f-4fc1-bd25-9f6432c1f349""]",e1d0f244-d770-11ef-8c40-0275dc2ded29,"{""e1d1d63c-d770-11ef-8c40-0275dc2ded29"": [""828a2e14-8976-4d99-96d0-aeb1bd4223cc""], ""e1d1d7ea-d770-11ef-8c40-0275dc2ded29"": null, ""e1d1cc64-d770-11ef-8c40-0275dc2ded29"": null, ""e1d1a70c-d770-11ef-8c40-0275dc2ded29"": null, ""e1d1cb88-d770-11ef-8c40-0275dc2ded29"": [""bc35776b-996f-4fc1-bd25-9f6432c1f349""], ""e1d1ddda-d770-11ef-8c40-0275dc2ded29"": {""en"": {""value"": ""Casey Greet"", ""direction"": ""ltr""}}}"
2696601e-b578-4733-b487-b7256a733748,e1d0ea1a-d770-11ef-8c40-0275dc2ded29,3fd6e10e-d8c6-11ef-9ef7-0275dc2ded29,1,a191989b-310b-4648-a62a-28ec7df4029f,"{""en"": {""value"": ""B. Hayden"", ""direction"": ""ltr""}}","[""828a2e14-8976-4d99-96d0-aeb1bd4223cc""]","[""bc35776b-996f-4fc1-bd25-9f6432c1f349""]",e1d0f244-d770-11ef-8c40-0275dc2ded29,"{""e1d1d63c-d770-11ef-8c40-0275dc2ded29"": [""828a2e14-8976-4d99-96d0-aeb1bd4223cc""], ""e1d1d7ea-d770-11ef-8c40-0275dc2ded29"": null, ""e1d1cc64-d770-11ef-8c40-0275dc2ded29"": null, ""e1d1a70c-d770-11ef-8c40-0275dc2ded29"": null, ""e1d1cb88-d770-11ef-8c40-0275dc2ded29"": [""bc35776b-996f-4fc1-bd25-9f6432c1f349""], ""e1d1ddda-d770-11ef-8c40-0275dc2ded29"": {""en"": {""value"": ""B. Hayden"", ""direction"": ""ltr""}}}"
fb4021e3-3f7b-4bd3-8ee1-b3ec44449d4d,e1d0ea1a-d770-11ef-8c40-0275dc2ded29,3fd6e10e-d8c6-11ef-9ef7-0275dc2ded29,1,01da63f2-1da1-4cb9-829b-ae9ae82cb7a4,"{""en"": {""value"": ""Catherine Patterson"", ""direction"": ""ltr""}}","[""828a2e14-8976-4d99-96d0-aeb1bd4223cc""]","[""bc35776b-996f-4fc1-bd25-9f6432c1f349""]",e1d0f244-d770-11ef-8c40-0275dc2ded29,"{""e1d1d63c-d770-11ef-8c40-0275dc2ded29"": [""828a2e14-8976-4d99-96d0-aeb1bd4223cc""], ""e1d1d7ea-d770-11ef-8c40-0275dc2ded29"": null, ""e1d1cc64-d770-11ef-8c40-0275dc2ded29"": null, ""e1d1a70c-d770-11ef-8c40-0275dc2ded29"": null, ""e1d1cb88-d770-11ef-8c40-0275dc2ded29"": [""bc35776b-996f-4fc1-bd25-9f6432c1f349""], ""e1d1ddda-d770-11ef-8c40-0275dc2ded29"": {""en"": {""value"": ""Catherine Patterson"", ""direction"": ""ltr""}}}"
e009f23b-20a5-4af6-9af5-079b9d9ae5a7,e1d0ea1a-d770-11ef-8c40-0275dc2ded29,3fd6e10e-d8c6-11ef-9ef7-0275dc2ded29,1,aa32b4c5-0ac4-476d-9ebe-404a783d0322,"{""en"": {""value"": ""Mike Schilling"", ""direction"": ""ltr""}}","[""828a2e14-8976-4d99-96d0-aeb1bd4223cc""]","[""bc35776b-996f-4fc1-bd25-9f6432c1f349""]",e1d0f244-d770-11ef-8c40-0275dc2ded29,"{""e1d1d63c-d770-11ef-8c40-0275dc2ded29"": [""828a2e14-8976-4d99-96d0-aeb1bd4223cc""], ""e1d1d7ea-d770-11ef-8c40-0275dc2ded29"": null, ""e1d1cc64-d770-11ef-8c40-0275dc2ded29"": null, ""e1d1a70c-d770-11ef-8c40-0275dc2ded29"": null, ""e1d1cb88-d770-11ef-8c40-0275dc2ded29"": [""bc35776b-996f-4fc1-bd25-9f6432c1f349""], ""e1d1ddda-d770-11ef-8c40-0275dc2ded29"": {""en"": {""value"": ""Mike Schilling"", ""direction"": ""ltr""}}}"
e062ade1-5a99-4533-b5dc-d616ec380ea7,e1d0ea1a-d770-11ef-8c40-0275dc2ded29,3fd6e10e-d8c6-11ef-9ef7-0275dc2ded29,1,4973cfac-8e61-4a82-aaec-e3a445de3357,"{""en"": {""value"": ""M. Bishop"", ""direction"": ""ltr""}}","[""828a2e14-8976-4d99-96d0-aeb1bd4223cc""]","[""bc35776b-996f-4fc1-bd25-9f6432c1f349""]",e1d0f244-d770-11ef-8c40-0275dc2ded29,"{""e1d1d63c-d770-11ef-8c40-0275dc2ded29"": [""828a2e14-8976-4d99-96d0-aeb1bd4223cc""], ""e1d1d7ea-d770-11ef-8c40-0275dc2ded29"": null, ""e1d1cc64-d770-11ef-8c40-0275dc2ded29"": null, ""e1d1a70c-d770-11ef-8c40-0275dc2ded29"": null, ""e1d1cb88-d770-11ef-8c40-0275dc2ded29"": [""bc35776b-996f-4fc1-bd25-9f6432c1f349""], ""e1d1ddda-d770-11ef-8c40-0275dc2ded29"": {""en"": {""value"": ""M. Bishop"", ""direction"": ""ltr""}}}"
9ec72101-2e4a-4fed-9780-8988cdb7c7a1,e1d0ea1a-d770-11ef-8c40-0275dc2ded29,3fd6e10e-d8c6-11ef-9ef7-0275dc2ded29,1,6e13537c-5196-42cd-999c-61e0ad44c063,"{""en"": {""value"": ""Giacomo Chiari"", ""direction"": ""ltr""}}","[""828a2e14-8976-4d99-96d0-aeb1bd4223cc""]","[""bc35776b-996f-4fc1-bd25-9f6432c1f349""]",e1d0f244-d770-11ef-8c40-0275dc2ded29,"{""e1d1d63c-d770-11ef-8c40-0275dc2ded29"": [""828a2e14-8976-4d99-96d0-aeb1bd4223cc""], ""e1d1d7ea-d770-11ef-8c40-0275dc2ded29"": null, ""e1d1cc64-d770-11ef-8c40-0275dc2ded29"": null, ""e1d1a70c-d770-11ef-8c40-0275dc2ded29"": null, ""e1d1cb88-d770-11ef-8c40-0275dc2ded29"": [""bc35776b-996f-4fc1-bd25-9f6432c1f349""], ""e1d1ddda-d770-11ef-8c40-0275dc2ded29"": {""en"": {""value"": ""Giacomo Chiari"", ""direction"": ""ltr""}}}"
b023bc88-6244-4aea-a721-5ecabe5f92eb,e1d0ea1a-d770-11ef-8c40-0275dc2ded29,3fd6e10e-d8c6-11ef-9ef7-0275dc2ded29,1,f8e2d20a-05e4-4c24-9d31-f085fb549f9a,"{""en"": {""value"": ""Sue Gatenby"", ""direction"": ""ltr""}}","[""828a2e14-8976-4d99-96d0-aeb1bd4223cc""]","[""bc35776b-996f-4fc1-bd25-9f6432c1f349""]",e1d0f244-d770-11ef-8c40-0275dc2ded29,"{""e1d1d63c-d770-11ef-8c40-0275dc2ded29"": [""828a2e14-8976-4d99-96d0-aeb1bd4223cc""], ""e1d1d7ea-d770-11ef-8c40-0275dc2ded29"": null, ""e1d1cc64-d770-11ef-8c40-0275dc2ded29"": null, ""e1d1a70c-d770-11ef-8c40-0275dc2ded29"": null, ""e1d1cb88-d770-11ef-8c40-0275dc2ded29"": [""bc35776b-996f-4fc1-bd25-9f6432c1f349""], ""e1d1ddda-d770-11ef-8c40-0275dc2ded29"": {""en"": {""value"": ""Sue Gatenby"", ""direction"": ""ltr""}}}"
be828852-1a7c-41bb-b8d3-4ab1028ccc11,e1d0ea1a-d770-11ef-8c40-0275dc2ded29,3fd6e10e-d8c6-11ef-9ef7-0275dc2ded29,1,a8040e57-1270-45ba-86c5-d978c73d7cfd,"{""en"": {""value"": ""Tom Learner"", ""direction"": ""ltr""}}","[""828a2e14-8976-4d99-96d0-aeb1bd4223cc""]","[""bc35776b-996f-4fc1-bd25-9f6432c1f349""]",e1d0f244-d770-11ef-8c40-0275dc2ded29,"{""e1d1d63c-d770-11ef-8c40-0275dc2ded29"": [""828a2e14-8976-4d99-96d0-aeb1bd4223cc""], ""e1d1d7ea-d770-11ef-8c40-0275dc2ded29"": null, ""e1d1cc64-d770-11ef-8c40-0275dc2ded29"": null, ""e1d1a70c-d770-11ef-8c40-0275dc2ded29"": null, ""e1d1cb88-d770-11ef-8c40-0275dc2ded29"": [""bc35776b-996f-4fc1-bd25-9f6432c1f349""], ""e1d1ddda-d770-11ef-8c40-0275dc2ded29"": {""en"": {""value"": ""Tom Learner"", ""direction"": ""ltr""}}}"
7ed6b347-4040-4185-a80e-7da8b1611dc8,e1d0ea1a-d770-11ef-8c40-0275dc2ded29,3fd6e10e-d8c6-11ef-9ef7-0275dc2ded29,1,8af6ee0d-bce0-43af-b312-fec7abd93547,"{""en"": {""value"": ""Dusan Stulik"", ""direction"": ""ltr""}}","[""828a2e14-8976-4d99-96d0-aeb1bd4223cc""]","[""bc35776b-996f-4fc1-bd25-9f6432c1f349""]",e1d0f244-d770-11ef-8c40-0275dc2ded29,"{""e1d1d63c-d770-11ef-8c40-0275dc2ded29"": [""828a2e14-8976-4d99-96d0-aeb1bd4223cc""], ""e1d1d7ea-d770-11ef-8c40-0275dc2ded29"": null, ""e1d1cc64-d770-11ef-8c40-0275dc2ded29"": null, ""e1d1a70c-d770-11ef-8c40-0275dc2ded29"": null, ""e1d1cb88-d770-11ef-8c40-0275dc2ded29"": [""bc35776b-996f-4fc1-bd25-9f6432c1f349""], ""e1d1ddda-d770-11ef-8c40-0275dc2ded29"": {""en"": {""value"": ""Dusan Stulik"", ""direction"": ""ltr""}}}"
d86d62ca-65a0-4ff9-9421-8b5be00b55fb,e1d0ea1a-d770-11ef-8c40-0275dc2ded29,3fd6e10e-d8c6-11ef-9ef7-0275dc2ded29,1,89711858-cef6-4cbc-b35c-cbc15d3db863,"{""en"": {""value"": ""C. Kreul"", ""direction"": ""ltr""}}","[""828a2e14-8976-4d99-96d0-aeb1bd4223cc""]","[""bc35776b-996f-4fc1-bd25-9f6432c1f349""]",e1d0f244-d770-11ef-8c40-0275dc2ded29,"{""e1d1d63c-d770-11ef-8c40-0275dc2ded29"": [""828a2e14-8976-4d99-96d0-aeb1bd4223cc""], ""e1d1d7ea-d770-11ef-8c40-0275dc2ded29"": null, ""e1d1cc64-d770-11ef-8c40-0275dc2ded29"": null, ""e1d1a70c-d770-11ef-8c40-0275dc2ded29"": null, ""e1d1cb88-d770-11ef-8c40-0275dc2ded29"": [""bc35776b-996f-4fc1-bd25-9f6432c1f349""], ""e1d1ddda-d770-11ef-8c40-0275dc2ded29"": {""en"": {""value"": ""C. Kreul"", ""direction"": ""ltr""}}}"
566efb28-7e44-4f6c-83fa-b8ca6db3366d,e1d0ea1a-d770-11ef-8c40-0275dc2ded29,3fd6e10e-d8c6-11ef-9ef7-0275dc2ded29,1,9c994b41-5f33-4c73-9e15-dd8c568b0027,"{""en"": {""value"": ""N. Barrio"", ""direction"": ""ltr""}}","[""828a2e14-8976-4d99-96d0-aeb1bd4223cc""]","[""bc35776b-996f-4fc1-bd25-9f6432c1f349""]",e1d0f244-d770-11ef-8c40-0275dc2ded29,"{""e1d1d63c-d770-11ef-8c40-0275dc2ded29"": [""828a2e14-8976-4d99-96d0-aeb1bd4223cc""], ""e1d1d7ea-d770-11ef-8c40-0275dc2ded29"": null, ""e1d1cc64-d770-11ef-8c40-0275dc2ded29"": null, ""e1d1a70c-d770-11ef-8c40-0275dc2ded29"": null, ""e1d1cb88-d770-11ef-8c40-0275dc2ded29"": [""bc35776b-996f-4fc1-bd25-9f6432c1f349""], ""e1d1ddda-d770-11ef-8c40-0275dc2ded29"": {""en"": {""value"": ""N. Barrio"", ""direction"": ""ltr""}}}"
f7620677-1d0e-4558-ae1e-790012525971,e1d0ea1a-d770-11ef-8c40-0275dc2ded29,3fd6e10e-d8c6-11ef-9ef7-0275dc2ded29,1,2d1b75d4-6c0d-49a5-9e14-747ee4167cd5,"{""en"": {""value"": ""Bill Ginell"", ""direction"": ""ltr""}}","[""828a2e14-8976-4d99-96d0-aeb1bd4223cc""]","[""bc35776b-996f-4fc1-bd25-9f6432c1f349""]",e1d0f244-d770-11ef-8c40-0275dc2ded29,"{""e1d1d63c-d770-11ef-8c40-0275dc2ded29"": [""828a2e14-8976-4d99-96d0-aeb1bd4223cc""], ""e1d1d7ea-d770-11ef-8c40-0275dc2ded29"": null, ""e1d1cc64-d770-11ef-8c40-0275dc2ded29"": null, ""e1d1a70c-d770-11ef-8c40-0275dc2ded29"": null, ""e1d1cb88-d770-11ef-8c40-0275dc2ded29"": [""bc35776b-996f-4fc1-bd25-9f6432c1f349""], ""e1d1ddda-d770-11ef-8c40-0275dc2ded29"": {""en"": {""value"": ""Bill Ginell"", ""direction"": ""ltr""}}}"
f8df6aa1-7f8f-4552-af9a-6e069c8997e9,e1d0ea1a-d770-11ef-8c40-0275dc2ded29,3fd6e10e-d8c6-11ef-9ef7-0275dc2ded29,1,45dce985-fee8-4490-ae6d-dda0c509f9c2,"{""en"": {""value"": ""H. Florsheim"", ""direction"": ""ltr""}}","[""828a2e14-8976-4d99-96d0-aeb1bd4223cc""]","[""bc35776b-996f-4fc1-bd25-9f6432c1f349""]",e1d0f244-d770-11ef-8c40-0275dc2ded29,"{""e1d1d63c-d770-11ef-8c40-0275dc2ded29"": [""828a2e14-8976-4d99-96d0-aeb1bd4223cc""], ""e1d1d7ea-d770-11ef-8c40-0275dc2ded29"": null, ""e1d1cc64-d770-11ef-8c40-0275dc2ded29"": null, ""e1d1a70c-d770-11ef-8c40-0275dc2ded29"": null, ""e1d1cb88-d770-11ef-8c40-0275dc2ded29"": [""bc35776b-996f-4fc1-bd25-9f6432c1f349""], ""e1d1ddda-d770-11ef-8c40-0275dc2ded29"": {""en"": {""value"": ""H. Florsheim"", ""direction"": ""ltr""}}}"
6f2b58ac-3b7c-4159-aa54-60a5d015d57c,e1d0ea1a-d770-11ef-8c40-0275dc2ded29,3fd6e10e-d8c6-11ef-9ef7-0275dc2ded29,1,abd78b1d-95b9-4f85-8cea-fe297f5179a6,"{""en"": {""value"": ""W.E. Roth"", ""direction"": ""ltr""}}","[""828a2e14-8976-4d99-96d0-aeb1bd4223cc""]","[""bc35776b-996f-4fc1-bd25-9f6432c1f349""]",e1d0f244-d770-11ef-8c40-0275dc2ded29,"{""e1d1d63c-d770-11ef-8c40-0275dc2ded29"": [""828a2e14-8976-4d99-96d0-aeb1bd4223cc""], ""e1d1d7ea-d770-11ef-8c40-0275dc2ded29"": null, ""e1d1cc64-d770-11ef-8c40-0275dc2ded29"": null, ""e1d1a70c-d770-11ef-8c40-0275dc2ded29"": null, ""e1d1cb88-d770-11ef-8c40-0275dc2ded29"": [""bc35776b-996f-4fc1-bd25-9f6432c1f349""], ""e1d1ddda-d770-11ef-8c40-0275dc2ded29"": {""en"": {""value"": ""W.E. Roth"", ""direction"": ""ltr""}}}"
c1da414b-3a08-4915-893e-81e9e495844d,e1d0ea1a-d770-11ef-8c40-0275dc2ded29,3fd6e10e-d8c6-11ef-9ef7-0275dc2ded29,1,4841afa8-2655-45b1-b519-caa3c1c44401,"{""en"": {""value"": ""M. Striegel"", ""direction"": ""ltr""}}","[""828a2e14-8976-4d99-96d0-aeb1bd4223cc""]","[""bc35776b-996f-4fc1-bd25-9f6432c1f349""]",e1d0f244-d770-11ef-8c40-0275dc2ded29,"{""e1d1d63c-d770-11ef-8c40-0275dc2ded29"": [""828a2e14-8976-4d99-96d0-aeb1bd4223cc""], ""e1d1d7ea-d770-11ef-8c40-0275dc2ded29"": null, ""e1d1cc64-d770-11ef-8c40-0275dc2ded29"": null, ""e1d1a70c-d770-11ef-8c40-0275dc2ded29"": null, ""e1d1cb88-d770-11ef-8c40-0275dc2ded29"": [""bc35776b-996f-4fc1-bd25-9f6432c1f349""], ""e1d1ddda-d770-11ef-8c40-0275dc2ded29"": {""en"": {""value"": ""M. Striegel"", ""direction"": ""ltr""}}}"
7f59d2a1-08c2-4489-ac96-93d84194a277,e1d0ea1a-d770-11ef-8c40-0275dc2ded29,3fd6e10e-d8c6-11ef-9ef7-0275dc2ded29,1,4a4e760b-1c30-47c1-8e75-63c1b7732a6f,"{""en"": {""value"": ""M. Corzo"", ""direction"": ""ltr""}}","[""828a2e14-8976-4d99-96d0-aeb1bd4223cc""]","[""bc35776b-996f-4fc1-bd25-9f6432c1f349""]",e1d0f244-d770-11ef-8c40-0275dc2ded29,"{""e1d1d63c-d770-11ef-8c40-0275dc2ded29"": [""828a2e14-8976-4d99-96d0-aeb1bd4223cc""], ""e1d1d7ea-d770-11ef-8c40-0275dc2ded29"": null, ""e1d1cc64-d770-11ef-8c40-0275dc2ded29"": null, ""e1d1a70c-d770-11ef-8c40-0275dc2ded29"": null, ""e1d1cb88-d770-11ef-8c40-0275dc2ded29"": [""bc35776b-996f-4fc1-bd25-9f6432c1f349""], ""e1d1ddda-d770-11ef-8c40-0275dc2ded29"": {""en"": {""value"": ""M. Corzo"", ""direction"": ""ltr""}}}"
973786e7-0420-49c1-8d70-9d03550399f6,e1d0ea1a-d770-11ef-8c40-0275dc2ded29,3fd6e10e-d8c6-11ef-9ef7-0275dc2ded29,1,a78c10b0-0cb6-47d1-8004-71218686da24,"{""en"": {""value"": ""M. Gergen"", ""direction"": ""ltr""}}","[""828a2e14-8976-4d99-96d0-aeb1bd4223cc""]","[""bc35776b-996f-4fc1-bd25-9f6432c1f349""]",e1d0f244-d770-11ef-8c40-0275dc2ded29,"{""e1d1d63c-d770-11ef-8c40-0275dc2ded29"": [""828a2e14-8976-4d99-96d0-aeb1bd4223cc""], ""e1d1d7ea-d770-11ef-8c40-0275dc2ded29"": null, ""e1d1cc64-d770-11ef-8c40-0275dc2ded29"": null, ""e1d1a70c-d770-11ef-8c40-0275dc2ded29"": null, ""e1d1cb88-d770-11ef-8c40-0275dc2ded29"": [""bc35776b-996f-4fc1-bd25-9f6432c1f349""], ""e1d1ddda-d770-11ef-8c40-0275dc2ded29"": {""en"": {""value"": ""M. Gergen"", ""direction"": ""ltr""}}}"
c6085eaf-ea80-4c3e-8ab2-292e07d2b093,e1d0ea1a-d770-11ef-8c40-0275dc2ded29,3fd6e10e-d8c6-11ef-9ef7-0275dc2ded29,1,e7ba8082-18e9-475b-b1ed-b641230464a3,"{""en"": {""value"": ""R. Navarro"", ""direction"": ""ltr""}}","[""828a2e14-8976-4d99-96d0-aeb1bd4223cc""]","[""bc35776b-996f-4fc1-bd25-9f6432c1f349""]",e1d0f244-d770-11ef-8c40-0275dc2ded29,"{""e1d1d63c-d770-11ef-8c40-0275dc2ded29"": [""828a2e14-8976-4d99-96d0-aeb1bd4223cc""], ""e1d1d7ea-d770-11ef-8c40-0275dc2ded29"": null, ""e1d1cc64-d770-11ef-8c40-0275dc2ded29"": null, ""e1d1a70c-d770-11ef-8c40-0275dc2ded29"": null, ""e1d1cb88-d770-11ef-8c40-0275dc2ded29"": [""bc35776b-996f-4fc1-bd25-9f6432c1f349""], ""e1d1ddda-d770-11ef-8c40-0275dc2ded29"": {""en"": {""value"": ""R. Navarro"", ""direction"": ""ltr""}}}"
3bba6349-c945-4dbb-a3c3-129dcae30f8a,e1d0ea1a-d770-11ef-8c40-0275dc2ded29,3fd6e10e-d8c6-11ef-9ef7-0275dc2ded29,1,013de114-9ae6-4475-9b6f-eae6b4959e64,"{""en"": {""value"": ""M. Saltzman"", ""direction"": ""ltr""}}","[""828a2e14-8976-4d99-96d0-aeb1bd4223cc""]","[""bc35776b-996f-4fc1-bd25-9f6432c1f349""]",e1d0f244-d770-11ef-8c40-0275dc2ded29,"{""e1d1d63c-d770-11ef-8c40-0275dc2ded29"": [""828a2e14-8976-4d99-96d0-aeb1bd4223cc""], ""e1d1d7ea-d770-11ef-8c40-0275dc2ded29"": null, ""e1d1cc64-d770-11ef-8c40-0275dc2ded29"": null, ""e1d1a70c-d770-11ef-8c40-0275dc2ded29"": null, ""e1d1cb88-d770-11ef-8c40-0275dc2ded29"": [""bc35776b-996f-4fc1-bd25-9f6432c1f349""], ""e1d1ddda-d770-11ef-8c40-0275dc2ded29"": {""en"": {""value"": ""M. Saltzman"", ""direction"": ""ltr""}}}"
93ac1f93-b1db-4b9a-af73-a964a0e97977,e1d0ea1a-d770-11ef-8c40-0275dc2ded29,3fd6e10e-d8c6-11ef-9ef7-0275dc2ded29,1,87ff3bd7-bc2c-49f6-8636-81384517c812,"{""en"": {""value"": ""Cecily Grzywacz"", ""direction"": ""ltr""}}","[""828a2e14-8976-4d99-96d0-aeb1bd4223cc""]","[""bc35776b-996f-4fc1-bd25-9f6432c1f349""]",e1d0f244-d770-11ef-8c40-0275dc2ded29,"{""e1d1d63c-d770-11ef-8c40-0275dc2ded29"": [""828a2e14-8976-4d99-96d0-aeb1bd4223cc""], ""e1d1d7ea-d770-11ef-8c40-0275dc2ded29"": null, ""e1d1cc64-d770-11ef-8c40-0275dc2ded29"": null, ""e1d1a70c-d770-11ef-8c40-0275dc2ded29"": null, ""e1d1cb88-d770-11ef-8c40-0275dc2ded29"": [""bc35776b-996f-4fc1-bd25-9f6432c1f349""], ""e1d1ddda-d770-11ef-8c40-0275dc2ded29"": {""en"": {""value"": ""Cecily Grzywacz"", ""direction"": ""ltr""}}}"
9d95a87a-3892-4f3b-8870-ba762641d45c,e1d0ea1a-d770-11ef-8c40-0275dc2ded29,3fd6e10e-d8c6-11ef-9ef7-0275dc2ded29,1,d2764cba-04c2-4a98-91ef-92c68041e1e3,"{""en"": {""value"": ""J. Keeney"", ""direction"": ""ltr""}}","[""828a2e14-8976-4d99-96d0-aeb1bd4223cc""]","[""bc35776b-996f-4fc1-bd25-9f6432c1f349""]",e1d0f244-d770-11ef-8c40-0275dc2ded29,"{""e1d1d63c-d770-11ef-8c40-0275dc2ded29"": [""828a2e14-8976-4d99-96d0-aeb1bd4223cc""], ""e1d1d7ea-d770-11ef-8c40-0275dc2ded29"": null, ""e1d1cc64-d770-11ef-8c40-0275dc2ded29"": null, ""e1d1a70c-d770-11ef-8c40-0275dc2ded29"": null, ""e1d1cb88-d770-11ef-8c40-0275dc2ded29"": [""bc35776b-996f-4fc1-bd25-9f6432c1f349""], ""e1d1ddda-d770-11ef-8c40-0275dc2ded29"": {""en"": {""value"": ""J. Keeney"", ""direction"": ""ltr""}}}"
071fe7c7-535f-4964-a230-c1fc1463f588,e1d0ea1a-d770-11ef-8c40-0275dc2ded29,3fd6e10e-d8c6-11ef-9ef7-0275dc2ded29,1,782048dc-b28d-4c43-bf46-70514e41f7ee,"{""en"": {""value"": ""S. Maekawa"", ""direction"": ""ltr""}}","[""828a2e14-8976-4d99-96d0-aeb1bd4223cc""]","[""bc35776b-996f-4fc1-bd25-9f6432c1f349""]",e1d0f244-d770-11ef-8c40-0275dc2ded29,"{""e1d1d63c-d770-11ef-8c40-0275dc2ded29"": [""828a2e14-8976-4d99-96d0-aeb1bd4223cc""], ""e1d1d7ea-d770-11ef-8c40-0275dc2ded29"": null, ""e1d1cc64-d770-11ef-8c40-0275dc2ded29"": null, ""e1d1a70c-d770-11ef-8c40-0275dc2ded29"": null, ""e1d1cb88-d770-11ef-8c40-0275dc2ded29"": [""bc35776b-996f-4fc1-bd25-9f6432c1f349""], ""e1d1ddda-d770-11ef-8c40-0275dc2ded29"": {""en"": {""value"": ""S. Maekawa"", ""direction"": ""ltr""}}}"
1a801942-cb23-4bfc-b802-82e996b438f7,e1d0ea1a-d770-11ef-8c40-0275dc2ded29,3fd6e10e-d8c6-11ef-9ef7-0275dc2ded29,1,376e407a-5040-4a25-9dea-c4bbf2ac3963,"{""en"": {""value"": ""M. Komsky"", ""direction"": ""ltr""}}","[""828a2e14-8976-4d99-96d0-aeb1bd4223cc""]","[""bc35776b-996f-4fc1-bd25-9f6432c1f349""]",e1d0f244-d770-11ef-8c40-0275dc2ded29,"{""e1d1d63c-d770-11ef-8c40-0275dc2ded29"": [""828a2e14-8976-4d99-96d0-aeb1bd4223cc""], ""e1d1d7ea-d770-11ef-8c40-0275dc2ded29"": null, ""e1d1cc64-d770-11ef-8c40-0275dc2ded29"": null, ""e1d1a70c-d770-11ef-8c40-0275dc2ded29"": null, ""e1d1cb88-d770-11ef-8c40-0275dc2ded29"": [""bc35776b-996f-4fc1-bd25-9f6432c1f349""], ""e1d1ddda-d770-11ef-8c40-0275dc2ded29"": {""en"": {""value"": ""M. Komsky"", ""direction"": ""ltr""}}}"
8e581519-3cde-4d54-bb4b-09d76a6aa8c7,e1d0ea1a-d770-11ef-8c40-0275dc2ded29,3fd6e10e-d8c6-11ef-9ef7-0275dc2ded29,1,2eb6336a-b274-4a29-932f-6af595e7640d,"{""en"": {""value"": ""Bettina Leopoldo"", ""direction"": ""ltr""}}","[""828a2e14-8976-4d99-96d0-aeb1bd4223cc""]","[""bc35776b-996f-4fc1-bd25-9f6432c1f349""]",e1d0f244-d770-11ef-8c40-0275dc2ded29,"{""e1d1d63c-d770-11ef-8c40-0275dc2ded29"": [""828a2e14-8976-4d99-96d0-aeb1bd4223cc""], ""e1d1d7ea-d770-11ef-8c40-0275dc2ded29"": null, ""e1d1cc64-d770-11ef-8c40-0275dc2ded29"": null, ""e1d1a70c-d770-11ef-8c40-0275dc2ded29"": null, ""e1d1cb88-d770-11ef-8c40-0275dc2ded29"": [""bc35776b-996f-4fc1-bd25-9f6432c1f349""], ""e1d1ddda-d770-11ef-8c40-0275dc2ded29"": {""en"": {""value"": ""Bettina Leopoldo"", ""direction"": ""ltr""}}}"
c9726863-0112-4770-aeac-c741cc4a9c0e,e1d0ea1a-d770-11ef-8c40-0275dc2ded29,3fd6e10e-d8c6-11ef-9ef7-0275dc2ded29,1,3b46de70-cf07-46ef-9903-52755b0e8023,"{""en"": {""value"": ""Z. Pinney"", ""direction"": ""ltr""}}","[""828a2e14-8976-4d99-96d0-aeb1bd4223cc""]","[""bc35776b-996f-4fc1-bd25-9f6432c1f349""]",e1d0f244-d770-11ef-8c40-0275dc2ded29,"{""e1d1d63c-d770-11ef-8c40-0275dc2ded29"": [""828a2e14-8976-4d99-96d0-aeb1bd4223cc""], ""e1d1d7ea-d770-11ef-8c40-0275dc2ded29"": null, ""e1d1cc64-d770-11ef-8c40-0275dc2ded29"": null, ""e1d1a70c-d770-11ef-8c40-0275dc2ded29"": null, ""e1d1cb88-d770-11ef-8c40-0275dc2ded29"": [""bc35776b-996f-4fc1-bd25-9f6432c1f349""], ""e1d1ddda-d770-11ef-8c40-0275dc2ded29"": {""en"": {""value"": ""Z. Pinney"", ""direction"": ""ltr""}}}"
1b400ae0-8076-4b3c-b6b9-c6732e93d98c,e1d0ea1a-d770-11ef-8c40-0275dc2ded29,3fd6e10e-d8c6-11ef-9ef7-0275dc2ded29,1,c05b1c42-74c9-47ff-bc82-c4b306171586,"{""en"": {""value"": ""A. Wallert"", ""direction"": ""ltr""}}","[""828a2e14-8976-4d99-96d0-aeb1bd4223cc""]","[""bc35776b-996f-4fc1-bd25-9f6432c1f349""]",e1d0f244-d770-11ef-8c40-0275dc2ded29,"{""e1d1d63c-d770-11ef-8c40-0275dc2ded29"": [""828a2e14-8976-4d99-96d0-aeb1bd4223cc""], ""e1d1d7ea-d770-11ef-8c40-0275dc2ded29"": null, ""e1d1cc64-d770-11ef-8c40-0275dc2ded29"": null, ""e1d1a70c-d770-11ef-8c40-0275dc2ded29"": null, ""e1d1cb88-d770-11ef-8c40-0275dc2ded29"": [""bc35776b-996f-4fc1-bd25-9f6432c1f349""], ""e1d1ddda-d770-11ef-8c40-0275dc2ded29"": {""en"": {""value"": ""A. Wallert"", ""direction"": ""ltr""}}}"
0db8a4af-7ae2-4e57-b404-db0f1471576b,e1d0ea1a-d770-11ef-8c40-0275dc2ded29,3fd6e10e-d8c6-11ef-9ef7-0275dc2ded29,1,7bdee4c7-fa7a-44c9-b2b4-db33c38cd0bc,"{""en"": {""value"": ""Jesus Jimenez"", ""direction"": ""ltr""}}","[""828a2e14-8976-4d99-96d0-aeb1bd4223cc""]","[""bc35776b-996f-4fc1-bd25-9f6432c1f349""]",e1d0f244-d770-11ef-8c40-0275dc2ded29,"{""e1d1d63c-d770-11ef-8c40-0275dc2ded29"": [""828a2e14-8976-4d99-96d0-aeb1bd4223cc""], ""e1d1d7ea-d770-11ef-8c40-0275dc2ded29"": null, ""e1d1cc64-d770-11ef-8c40-0275dc2ded29"": null, ""e1d1a70c-d770-11ef-8c40-0275dc2ded29"": null, ""e1d1cb88-d770-11ef-8c40-0275dc2ded29"": [""bc35776b-996f-4fc1-bd25-9f6432c1f349""], ""e1d1ddda-d770-11ef-8c40-0275dc2ded29"": {""en"": {""value"": ""Jesus Jimenez"", ""direction"": ""ltr""}}}"
2dfdec6a-06f8-4b4d-8fd0-67ebd5c92c48,e1d0ea1a-d770-11ef-8c40-0275dc2ded29,3fd6e10e-d8c6-11ef-9ef7-0275dc2ded29,1,790bab36-3e67-413f-a133-0461bef1404a,"{""en"": {""value"": ""Roberta Renz"", ""direction"": ""ltr""}}","[""828a2e14-8976-4d99-96d0-aeb1bd4223cc""]","[""bc35776b-996f-4fc1-bd25-9f6432c1f349""]",e1d0f244-d770-11ef-8c40-0275dc2ded29,"{""e1d1d63c-d770-11ef-8c40-0275dc2ded29"": [""828a2e14-8976-4d99-96d0-aeb1bd4223cc""], ""e1d1d7ea-d770-11ef-8c40-0275dc2ded29"": null, ""e1d1cc64-d770-11ef-8c40-0275dc2ded29"": null, ""e1d1a70c-d770-11ef-8c40-0275dc2ded29"": null, ""e1d1cb88-d770-11ef-8c40-0275dc2ded29"": [""bc35776b-996f-4fc1-bd25-9f6432c1f349""], ""e1d1ddda-d770-11ef-8c40-0275dc2ded29"": {""en"": {""value"": ""Roberta Renz"", ""direction"": ""ltr""}}}"
78681788-2c10-4c99-a8f9-a6cceec26fdb,e1d0ea1a-d770-11ef-8c40-0275dc2ded29,3fd6e10e-d8c6-11ef-9ef7-0275dc2ded29,1,9535e40c-00f2-4efd-b3fa-ec47fff1e05c,"{""en"": {""value"": ""F. Lambert"", ""direction"": ""ltr""}}","[""828a2e14-8976-4d99-96d0-aeb1bd4223cc""]","[""bc35776b-996f-4fc1-bd25-9f6432c1f349""]",e1d0f244-d770-11ef-8c40-0275dc2ded29,"{""e1d1d63c-d770-11ef-8c40-0275dc2ded29"": [""828a2e14-8976-4d99-96d0-aeb1bd4223cc""], ""e1d1d7ea-d770-11ef-8c40-0275dc2ded29"": null, ""e1d1cc64-d770-11ef-8c40-0275dc2ded29"": null, ""e1d1a70c-d770-11ef-8c40-0275dc2ded29"": null, ""e1d1cb88-d770-11ef-8c40-0275dc2ded29"": [""bc35776b-996f-4fc1-bd25-9f6432c1f349""], ""e1d1ddda-d770-11ef-8c40-0275dc2ded29"": {""en"": {""value"": ""F. Lambert"", ""direction"": ""ltr""}}}"
97ffe00b-f818-47f9-bd67-0554d24e34b2,e1d0ea1a-d770-11ef-8c40-0275dc2ded29,3fd6e10e-d8c6-11ef-9ef7-0275dc2ded29,1,9c629c57-5e37-449b-9dbf-6193e71a287b,"{""en"": {""value"": ""Dr. Alfred Janata"", ""direction"": ""ltr""}}","[""828a2e14-8976-4d99-96d0-aeb1bd4223cc""]","[""bc35776b-996f-4fc1-bd25-9f6432c1f349""]",e1d0f244-d770-11ef-8c40-0275dc2ded29,"{""e1d1d63c-d770-11ef-8c40-0275dc2ded29"": [""828a2e14-8976-4d99-96d0-aeb1bd4223cc""], ""e1d1d7ea-d770-11ef-8c40-0275dc2ded29"": null, ""e1d1cc64-d770-11ef-8c40-0275dc2ded29"": null, ""e1d1a70c-d770-11ef-8c40-0275dc2ded29"": null, ""e1d1cb88-d770-11ef-8c40-0275dc2ded29"": [""bc35776b-996f-4fc1-bd25-9f6432c1f349""], ""e1d1ddda-d770-11ef-8c40-0275dc2ded29"": {""en"": {""value"": ""Dr. Alfred Janata"", ""direction"": ""ltr""}}}"
9d10f7ee-eaca-4385-882b-a8b45f411d52,e1d0ea1a-d770-11ef-8c40-0275dc2ded29,3fd6e10e-d8c6-11ef-9ef7-0275dc2ded29,1,55daa0b8-c1fc-455f-91d0-8063657e2468,"{""en"": {""value"": ""T. Kieslich"", ""direction"": ""ltr""}}","[""828a2e14-8976-4d99-96d0-aeb1bd4223cc""]","[""bc35776b-996f-4fc1-bd25-9f6432c1f349""]",e1d0f244-d770-11ef-8c40-0275dc2ded29,"{""e1d1d63c-d770-11ef-8c40-0275dc2ded29"": [""828a2e14-8976-4d99-96d0-aeb1bd4223cc""], ""e1d1d7ea-d770-11ef-8c40-0275dc2ded29"": null, ""e1d1cc64-d770-11ef-8c40-0275dc2ded29"": null, ""e1d1a70c-d770-11ef-8c40-0275dc2ded29"": null, ""e1d1cb88-d770-11ef-8c40-0275dc2ded29"": [""bc35776b-996f-4fc1-bd25-9f6432c1f349""], ""e1d1ddda-d770-11ef-8c40-0275dc2ded29"": {""en"": {""value"": ""T. Kieslich"", ""direction"": ""ltr""}}}"
3bead1a3-c07e-41a6-a359-0a1038dec4b5,e1d0ea1a-d770-11ef-8c40-0275dc2ded29,3fd6e10e-d8c6-11ef-9ef7-0275dc2ded29,1,9ad8b3ab-b2b1-4c37-a44f-3d970edd55f1,"{""en"": {""value"": ""A. Rothe"", ""direction"": ""ltr""}}","[""828a2e14-8976-4d99-96d0-aeb1bd4223cc""]","[""bc35776b-996f-4fc1-bd25-9f6432c1f349""]",e1d0f244-d770-11ef-8c40-0275dc2ded29,"{""e1d1d63c-d770-11ef-8c40-0275dc2ded29"": [""828a2e14-8976-4d99-96d0-aeb1bd4223cc""], ""e1d1d7ea-d770-11ef-8c40-0275dc2ded29"": null, ""e1d1cc64-d770-11ef-8c40-0275dc2ded29"": null, ""e1d1a70c-d770-11ef-8c40-0275dc2ded29"": null, ""e1d1cb88-d770-11ef-8c40-0275dc2ded29"": [""bc35776b-996f-4fc1-bd25-9f6432c1f349""], ""e1d1ddda-d770-11ef-8c40-0275dc2ded29"": {""en"": {""value"": ""A. Rothe"", ""direction"": ""ltr""}}}"
adc545a8-f16e-4fbd-adb7-00caeeb37eee,e1d0ea1a-d770-11ef-8c40-0275dc2ded29,3fd6e10e-d8c6-11ef-9ef7-0275dc2ded29,1,98872ec9-587b-425e-9c69-af3f1cea5ba9,"{""en"": {""value"": ""N. Agnew"", ""direction"": ""ltr""}}","[""828a2e14-8976-4d99-96d0-aeb1bd4223cc""]","[""bc35776b-996f-4fc1-bd25-9f6432c1f349""]",e1d0f244-d770-11ef-8c40-0275dc2ded29,"{""e1d1d63c-d770-11ef-8c40-0275dc2ded29"": [""828a2e14-8976-4d99-96d0-aeb1bd4223cc""], ""e1d1d7ea-d770-11ef-8c40-0275dc2ded29"": null, ""e1d1cc64-d770-11ef-8c40-0275dc2ded29"": null, ""e1d1a70c-d770-11ef-8c40-0275dc2ded29"": null, ""e1d1cb88-d770-11ef-8c40-0275dc2ded29"": [""bc35776b-996f-4fc1-bd25-9f6432c1f349""], ""e1d1ddda-d770-11ef-8c40-0275dc2ded29"": {""en"": {""value"": ""N. Agnew"", ""direction"": ""ltr""}}}"
